,Number,
Total,330362592,
Male,162638566,49.23032145
Female,167724026,50.76967855
White,197064732,61.45441424
Black,40310242,12.57070347
American IND,2180266,0.679913491
Asian,18195260,5.674171293
Other,9694444,
Hispanic,62917648,19.62079751
,,
,,320668148
